TIMESHEET_ID,TIMESHEET_NAME,TIMESHEET_STARTPERIOD,TIMESHEET_ENDPERIOD,TIMESHEET_PROJECTASSIGNMENT,TIMESHEET_HOURS,TIMESHEET_RATE
1,TS-000-000-001,2023-01-02,2023-01-08,1,32,30
2,TS-000-000-002,2023-01-09,2023-01-15,1,40,30
3,TS-000-000-003,2023-01-16,2023-01-22,1,40,30
4,TS-000-000-004,2023-01-23,2023-01-29,1,40,30
5,TS-000-000-005,2023-01-30,2023-02-05,1,40,30
6,TS-000-000-006,2023-02-06,2023-02-12,1,40,30
7,TS-000-000-007,2023-02-13,2023-02-19,1,40,30
8,TS-000-000-008,2023-02-20,2023-02-26,1,40,30
9,TS-000-000-009,2023-02-27,2023-03-05,1,32,30
10,TS-000-000-010,2023-03-06,2023-03-12,1,40,30
11,TS-000-000-011,2023-03-13,2023-03-19,1,40,30
12,TS-000-000-012,2023-03-20,2023-03-26,1,40,30
13,TS-000-000-013,2023-03-27,2023-04-02,1,40,30
14,TS-000-000-014,2023-04-03,2023-04-09,1,40,30
15,TS-000-000-015,2023-04-10,2023-04-16,1,32,30
16,TS-000-000-016,2023-04-17,2023-04-23,1,32,30
17,TS-000-000-017,2023-04-24,2023-04-30,1,40,30
18,TS-000-000-018,2023-05-01,2023-05-07,1,32,30
19,TS-000-000-019,2023-05-08,2023-05-14,1,32,30
20,TS-000-000-020,2023-05-15,2023-05-21,1,40,30 
21,TS-000-000-021,2023-05-22,2023-05-28,1,32,30
22,TS-000-000-022,2023-05-29,2023-06-04,1,40,30
23,TS-000-000-023,2023-06-05,2023-06-11,1,40,30
24,TS-000-000-024,2023-06-12,2023-06-18,1,40,30
25,TS-000-000-025,2023-06-19,2023-06-25,1,40,30
26,TS-000-000-026,2023-06-26,2023-07-02,1,40,30
27,TS-000-000-027,2023-07-03,2023-07-09,1,40,30
28,TS-000-000-028,2023-07-10,2023-07-16,1,40,30
29,TS-000-000-029,2023-07-17,2023-07-23,1,40,30
30,TS-000-000-030,2023-07-24,2023-07-30,1,40,30
31,TS-000-000-031,2023-07-31,2023-08-06,1,40,30
32,TS-000-000-032,2023-08-07,2023-08-13,1,40,30
33,TS-000-000-033,2023-08-14,2023-08-20,1,40,30
34,TS-000-000-034,2023-08-21,2023-08-27,1,40,30
35,TS-000-000-035,2023-08-28,2023-09-03,1,40,30
36,TS-000-000-036,2023-09-04,2023-09-10,1,32,30
37,TS-000-000-037,2023-09-11,2023-09-17,1,40,30
38,TS-000-000-038,2023-09-18,2023-09-24,1,32,30
39,TS-000-000-039,2023-09-25,2023-10-01,1,40,30
40,TS-000-000-040,2023-10-02,2023-10-08,1,40,30
41,TS-000-000-041,2023-10-09,2023-10-15,1,40,30
42,TS-000-000-042,2023-10-16,2023-10-22,1,40,30
43,TS-000-000-043,2023-10-23,2023-10-29,1,40,30
44,TS-000-000-044,2023-10-30,2023-11-05,1,40,30
45,TS-000-000-045,2023-11-06,2023-11-12,1,40,30
46,TS-000-000-046,2023-11-13,2023-11-19,1,40,30
47,TS-000-000-047,2023-11-20,2023-11-26,1,40,30
48,TS-000-000-048,2023-11-27,2023-12-03,1,40,30
49,TS-000-000-049,2023-12-04,2023-12-10,1,40,30
50,TS-000-000-050,2023-12-11,2023-12-17,1,40,30
51,TS-000-000-051,2023-12-18,2023-12-24,1,40,30
52,TS-000-000-052,2023-12-25,2023-12-31,1,16,30
53,TS-000-000-053,2023-01-02,2023-01-08,7,32,30
54,TS-000-000-054,2023-01-09,2023-01-15,7,40,30
55,TS-000-000-055,2023-01-16,2023-01-22,7,40,30
56,TS-000-000-056,2023-01-23,2023-01-29,7,40,30
57,TS-000-000-057,2023-01-30,2023-02-05,7,40,30
58,TS-000-000-058,2023-02-06,2023-02-12,7,40,30
59,TS-000-000-059,2023-02-13,2023-02-19,7,40,30
60,TS-000-000-060,2023-02-20,2023-02-26,7,40,30
61,TS-000-000-061,2023-02-27,2023-03-05,7,32,30
62,TS-000-000-062,2023-03-06,2023-03-12,7,40,30
63,TS-000-000-063,2023-03-13,2023-03-19,7,40,30
64,TS-000-000-064,2023-03-20,2023-03-26,7,40,30
65,TS-000-000-065,2023-03-27,2023-04-02,7,40,30
66,TS-000-000-066,2023-04-03,2023-04-09,7,40,30
67,TS-000-000-067,2023-04-10,2023-04-16,7,32,30
68,TS-000-000-068,2023-04-17,2023-04-23,7,32,30
69,TS-000-000-069,2023-04-24,2023-04-30,7,40,30
70,TS-000-000-070,2023-05-01,2023-05-07,7,32,30
71,TS-000-000-071,2023-05-08,2023-05-14,7,32,30
72,TS-000-000-072,2023-05-15,2023-05-21,7,40,30
73,TS-000-000-073,2023-05-22,2023-05-28,7,32,30
74,TS-000-000-074,2023-05-29,2023-06-04,7,40,30
75,TS-000-000-075,2023-06-05,2023-06-11,7,40,30
76,TS-000-000-076,2023-06-12,2023-06-18,7,40,30
77,TS-000-000-077,2023-06-19,2023-06-25,7,40,30
78,TS-000-000-078,2023-06-26,2023-07-02,7,40,30
79,TS-000-000-079,2023-07-03,2023-07-09,7,40,30
80,TS-000-000-080,2023-07-10,2023-07-16,7,40,30
81,TS-000-000-081,2023-07-17,2023-07-23,7,40,30
82,TS-000-000-082,2023-07-24,2023-07-30,7,40,30
83,TS-000-000-083,2023-07-31,2023-08-06,7,40,30
84,TS-000-000-084,2023-08-07,2023-08-13,7,40,30
85,TS-000-000-085,2023-08-14,2023-08-20,7,40,30
86,TS-000-000-086,2023-08-21,2023-08-27,7,40,30
87,TS-000-000-087,2023-08-28,2023-09-03,7,40,30
88,TS-000-000-088,2023-09-04,2023-09-10,7,32,30
89,TS-000-000-089,2023-09-11,2023-09-17,7,40,30
90,TS-000-000-090,2023-09-18,2023-09-24,7,32,30
91,TS-000-000-091,2023-09-25,2023-10-01,7,40,30
92,TS-000-000-092,2023-10-02,2023-10-08,7,40,30
93,TS-000-000-093,2023-10-09,2023-10-15,7,40,30
94,TS-000-000-094,2023-10-16,2023-10-22,7,40,30
95,TS-000-000-095,2023-10-23,2023-10-29,7,40,30
96,TS-000-000-096,2023-10-30,2023-11-05,7,40,30
97,TS-000-000-097,2023-11-06,2023-11-12,7,40,30
98,TS-000-000-098,2023-11-13,2023-11-19,7,40,30
99,TS-000-000-099,2023-11-20,2023-11-26,7,40,30
100,TS-000-000-100,2023-11-27,2023-12-03,7,40,30
101,TS-000-000-101,2023-12-04,2023-12-10,7,40,30
102,TS-000-000-102,2023-12-11,2023-12-17,7,40,30
103,TS-000-000-103,2023-12-18,2023-12-24,7,40,30
104,TS-000-000-104,2023-12-25,2023-12-31,7,16,30
105,TS-000-000-105,2023-01-02,2023-01-08,13,32,50
106,TS-000-000-106,2023-01-09,2023-01-15,13,40,50
107,TS-000-000-107,2023-01-16,2023-01-22,13,40,50
108,TS-000-000-108,2023-01-23,2023-01-29,13,40,50
109,TS-000-000-109,2023-01-30,2023-02-05,13,40,50
110,TS-000-000-110,2023-02-06,2023-02-12,13,40,50
111,TS-000-000-111,2023-02-13,2023-02-19,13,40,50
112,TS-000-000-112,2023-02-20,2023-02-26,13,40,50
113,TS-000-000-113,2023-02-27,2023-03-05,13,32,50
114,TS-000-000-114,2023-03-06,2023-03-12,13,40,50
115,TS-000-000-115,2023-03-13,2023-03-19,13,40,50
116,TS-000-000-116,2023-03-20,2023-03-26,13,40,50
117,TS-000-000-117,2023-03-27,2023-04-02,13,40,50
118,TS-000-000-118,2023-04-03,2023-04-09,13,40,50
119,TS-000-000-119,2023-04-10,2023-04-16,13,32,50
120,TS-000-000-120,2023-04-17,2023-04-23,13,32,50
121,TS-000-000-121,2023-04-24,2023-04-30,13,40,50
122,TS-000-000-122,2023-05-01,2023-05-07,13,32,50
123,TS-000-000-123,2023-05-08,2023-05-14,13,32,50
124,TS-000-000-124,2023-05-15,2023-05-21,13,40,50
125,TS-000-000-125,2023-05-22,2023-05-28,13,32,50
126,TS-000-000-126,2023-05-29,2023-06-04,13,40,50
127,TS-000-000-127,2023-06-05,2023-06-11,13,40,50
128,TS-000-000-128,2023-06-12,2023-06-18,13,40,50
129,TS-000-000-129,2023-06-19,2023-06-25,13,40,50
130,TS-000-000-130,2023-06-26,2023-07-02,13,40,50
131,TS-000-000-131,2023-07-03,2023-07-09,13,40,50
132,TS-000-000-132,2023-07-10,2023-07-16,13,40,50
133,TS-000-000-133,2023-07-17,2023-07-23,13,40,50
134,TS-000-000-134,2023-07-24,2023-07-30,13,40,50
135,TS-000-000-135,2023-07-31,2023-08-06,13,40,50
136,TS-000-000-136,2023-08-07,2023-08-13,13,40,50
137,TS-000-000-137,2023-08-14,2023-08-20,13,40,50
138,TS-000-000-138,2023-08-21,2023-08-27,13,40,50
139,TS-000-000-139,2023-08-28,2023-09-03,13,40,50
140,TS-000-000-140,2023-09-04,2023-09-10,13,32,50
141,TS-000-000-141,2023-09-11,2023-09-17,13,40,50
142,TS-000-000-142,2023-09-18,2023-09-24,13,32,50
143,TS-000-000-143,2023-09-25,2023-10-01,13,40,50
144,TS-000-000-144,2023-10-02,2023-10-08,13,40,50
145,TS-000-000-145,2023-10-09,2023-10-15,13,40,50
146,TS-000-000-146,2023-10-16,2023-10-22,13,40,50
147,TS-000-000-147,2023-10-23,2023-10-29,13,40,50
148,TS-000-000-148,2023-10-30,2023-11-05,13,40,50
149,TS-000-000-149,2023-11-06,2023-11-12,13,40,50
150,TS-000-000-150,2023-11-13,2023-11-19,13,40,50
151,TS-000-000-151,2023-11-20,2023-11-26,13,40,50
152,TS-000-000-152,2023-11-27,2023-12-03,13,40,50
153,TS-000-000-153,2023-12-04,2023-12-10,13,40,50
154,TS-000-000-154,2023-12-11,2023-12-17,13,40,50
155,TS-000-000-155,2023-12-18,2023-12-24,13,40,50
156,TS-000-000-156,2023-12-25,2023-12-31,13,16,50
157,TS-000-000-157,2023-01-02,2023-01-08,23,32,54
158,TS-000-000-158,2023-01-09,2023-01-15,23,40,54
159,TS-000-000-159,2023-01-16,2023-01-22,23,40,54
160,TS-000-000-160,2023-01-23,2023-01-29,23,40,54
161,TS-000-000-161,2023-01-30,2023-02-05,23,40,54
162,TS-000-000-162,2023-02-06,2023-02-12,23,40,54
163,TS-000-000-163,2023-02-13,2023-02-19,23,40,54
164,TS-000-000-164,2023-02-20,2023-02-26,23,40,54
165,TS-000-000-165,2023-02-27,2023-03-05,23,32,54
166,TS-000-000-166,2023-03-06,2023-03-12,23,40,54
167,TS-000-000-167,2023-03-13,2023-03-19,23,40,54
168,TS-000-000-168,2023-03-20,2023-03-26,23,40,54
169,TS-000-000-169,2023-03-27,2023-04-02,23,40,54
170,TS-000-000-170,2023-04-03,2023-04-09,23,40,54
171,TS-000-000-171,2023-04-10,2023-04-16,23,32,54
172,TS-000-000-172,2023-04-17,2023-04-23,23,32,54
173,TS-000-000-173,2023-04-24,2023-04-30,23,40,54
174,TS-000-000-174,2023-05-01,2023-05-07,23,32,54
175,TS-000-000-175,2023-05-08,2023-05-14,23,32,54
176,TS-000-000-176,2023-05-15,2023-05-21,23,40,54
177,TS-000-000-177,2023-05-22,2023-05-28,23,32,54
178,TS-000-000-178,2023-05-29,2023-06-04,23,40,54
179,TS-000-000-179,2023-06-05,2023-06-11,23,40,54
180,TS-000-000-180,2023-06-12,2023-06-18,23,40,54
181,TS-000-000-181,2023-06-19,2023-06-25,23,40,54
182,TS-000-000-182,2023-06-26,2023-07-02,23,40,54
183,TS-000-000-183,2023-07-03,2023-07-09,23,40,54
184,TS-000-000-184,2023-07-10,2023-07-16,23,40,54
185,TS-000-000-185,2023-07-17,2023-07-23,23,40,54
186,TS-000-000-186,2023-07-24,2023-07-30,23,40,54
187,TS-000-000-187,2023-07-31,2023-08-06,23,40,54
188,TS-000-000-188,2023-08-07,2023-08-13,23,40,54
189,TS-000-000-189,2023-08-14,2023-08-20,23,40,54
190,TS-000-000-190,2023-08-21,2023-08-27,23,40,54
191,TS-000-000-191,2023-08-28,2023-09-03,23,40,54
192,TS-000-000-192,2023-09-04,2023-09-10,23,32,54
193,TS-000-000-193,2023-09-11,2023-09-17,23,40,54
194,TS-000-000-194,2023-09-18,2023-09-24,23,32,54
195,TS-000-000-195,2023-09-25,2023-10-01,23,40,54
196,TS-000-000-196,2023-10-02,2023-10-08,23,40,54
197,TS-000-000-197,2023-10-09,2023-10-15,23,40,54
198,TS-000-000-198,2023-10-16,2023-10-22,23,40,54
199,TS-000-000-199,2023-10-23,2023-10-29,23,40,54
200,TS-000-000-200,2023-10-30,2023-11-05,23,40,54
201,TS-000-000-201,2023-11-06,2023-11-12,23,40,54
202,TS-000-000-202,2023-11-13,2023-11-19,23,40,54
203,TS-000-000-203,2023-11-20,2023-11-26,23,40,54
204,TS-000-000-204,2023-11-27,2023-12-03,23,40,54
205,TS-000-000-205,2023-12-04,2023-12-10,23,40,54
206,TS-000-000-206,2023-12-11,2023-12-17,23,40,54
207,TS-000-000-207,2023-12-18,2023-12-24,23,40,54
208,TS-000-000-208,2023-12-25,2023-12-31,23,16,54
209,TS-000-000-209,2023-01-02,2023-01-08,38,32,30
210,TS-000-000-210,2023-01-09,2023-01-15,38,40,30
211,TS-000-000-211,2023-01-16,2023-01-22,38,40,30
212,TS-000-000-212,2023-01-23,2023-01-29,38,40,30
213,TS-000-000-213,2023-01-30,2023-02-05,38,40,30
214,TS-000-000-214,2023-02-06,2023-02-12,38,40,30
215,TS-000-000-215,2023-02-13,2023-02-19,38,40,30
216,TS-000-000-216,2023-02-20,2023-02-26,38,40,30
217,TS-000-000-217,2023-02-27,2023-03-05,38,32,30
218,TS-000-000-218,2023-03-06,2023-03-12,38,40,30
219,TS-000-000-219,2023-03-13,2023-03-19,38,40,30
220,TS-000-000-220,2023-03-20,2023-03-26,38,40,30
221,TS-000-000-221,2023-03-27,2023-04-02,38,40,30
222,TS-000-000-222,2023-04-03,2023-04-09,38,40,30
223,TS-000-000-223,2023-04-10,2023-04-16,38,32,30
224,TS-000-000-224,2023-04-17,2023-04-23,38,32,30
225,TS-000-000-225,2023-04-24,2023-04-30,38,40,30
226,TS-000-000-226,2023-05-01,2023-05-07,38,32,30
227,TS-000-000-227,2023-05-08,2023-05-14,38,32,30
228,TS-000-000-228,2023-05-15,2023-05-21,38,40,30
229,TS-000-000-229,2023-05-22,2023-05-28,38,32,30
230,TS-000-000-230,2023-05-29,2023-06-04,38,40,30
231,TS-000-000-231,2023-06-05,2023-06-11,38,40,30
232,TS-000-000-232,2023-06-12,2023-06-18,38,40,30
233,TS-000-000-233,2023-06-19,2023-06-25,38,40,30
234,TS-000-000-234,2023-06-26,2023-07-02,38,40,30
235,TS-000-000-235,2023-07-03,2023-07-09,38,40,30
236,TS-000-000-236,2023-07-10,2023-07-16,38,40,30
237,TS-000-000-237,2023-07-17,2023-07-23,38,40,30
238,TS-000-000-238,2023-07-24,2023-07-30,38,40,30
239,TS-000-000-239,2023-07-31,2023-08-06,38,40,30
240,TS-000-000-240,2023-08-07,2023-08-13,38,40,30
241,TS-000-000-241,2023-08-14,2023-08-20,38,40,30
242,TS-000-000-242,2023-08-21,2023-08-27,38,40,30
243,TS-000-000-243,2023-08-28,2023-09-03,38,40,30
244,TS-000-000-244,2023-09-04,2023-09-10,38,32,30
245,TS-000-000-245,2023-09-11,2023-09-17,38,40,30
246,TS-000-000-246,2023-09-18,2023-09-24,38,32,30
247,TS-000-000-247,2023-09-25,2023-10-01,38,40,30
248,TS-000-000-248,2023-10-02,2023-10-08,38,40,30
249,TS-000-000-249,2023-10-09,2023-10-15,38,40,30
250,TS-000-000-250,2023-10-16,2023-10-22,38,40,30
251,TS-000-000-251,2023-10-23,2023-10-29,38,40,30
252,TS-000-000-252,2023-10-30,2023-11-05,38,40,30
253,TS-000-000-253,2023-11-06,2023-11-12,38,40,30
254,TS-000-000-254,2023-11-13,2023-11-19,38,40,30
255,TS-000-000-255,2023-11-20,2023-11-26,38,40,30
256,TS-000-000-256,2023-11-27,2023-12-03,38,40,30
257,TS-000-000-257,2023-12-04,2023-12-10,38,40,30
258,TS-000-000-258,2023-12-11,2023-12-17,38,40,30
259,TS-000-000-259,2023-12-18,2023-12-24,38,40,30
260,TS-000-000-260,2023-12-25,2023-12-31,38,16,30
261,TS-000-000-261,2023-01-02,2023-01-08,44,32,30
262,TS-000-000-262,2023-01-09,2023-01-15,44,40,30
263,TS-000-000-263,2023-01-16,2023-01-22,44,40,30
264,TS-000-000-264,2023-01-23,2023-01-29,44,40,30
265,TS-000-000-265,2023-01-30,2023-02-05,44,40,30
266,TS-000-000-266,2023-02-06,2023-02-12,44,40,30
267,TS-000-000-267,2023-02-13,2023-02-19,44,40,30
268,TS-000-000-268,2023-02-20,2023-02-26,44,40,30
269,TS-000-000-269,2023-02-27,2023-03-05,44,32,30
270,TS-000-000-270,2023-03-06,2023-03-12,44,40,30
271,TS-000-000-271,2023-03-13,2023-03-19,44,40,30
272,TS-000-000-272,2023-03-20,2023-03-26,44,40,30
273,TS-000-000-273,2023-03-27,2023-04-02,44,40,30
274,TS-000-000-274,2023-04-03,2023-04-09,44,40,30
275,TS-000-000-275,2023-04-10,2023-04-16,44,32,30
276,TS-000-000-276,2023-04-17,2023-04-23,44,32,30
277,TS-000-000-277,2023-04-24,2023-04-30,44,40,30
278,TS-000-000-278,2023-05-01,2023-05-07,44,32,30
279,TS-000-000-279,2023-05-08,2023-05-14,44,32,30
280,TS-000-000-280,2023-05-15,2023-05-21,44,40,30
281,TS-000-000-281,2023-05-22,2023-05-28,44,32,30
282,TS-000-000-282,2023-05-29,2023-06-04,44,40,30
283,TS-000-000-283,2023-06-05,2023-06-11,44,40,30
284,TS-000-000-284,2023-06-12,2023-06-18,44,40,30
285,TS-000-000-285,2023-06-19,2023-06-25,44,40,30
286,TS-000-000-286,2023-06-26,2023-07-02,44,40,30
287,TS-000-000-287,2023-07-03,2023-07-09,44,40,30
288,TS-000-000-288,2023-07-10,2023-07-16,44,40,30
289,TS-000-000-289,2023-07-17,2023-07-23,44,40,30
290,TS-000-000-290,2023-07-24,2023-07-30,44,40,30
291,TS-000-000-291,2023-07-31,2023-08-06,44,40,30
292,TS-000-000-292,2023-08-07,2023-08-13,44,40,30
293,TS-000-000-293,2023-08-14,2023-08-20,44,40,30
294,TS-000-000-294,2023-08-21,2023-08-27,44,40,30
295,TS-000-000-295,2023-08-28,2023-09-03,44,40,30
296,TS-000-000-296,2023-09-04,2023-09-10,44,32,30
297,TS-000-000-297,2023-09-11,2023-09-17,44,40,30
298,TS-000-000-298,2023-09-18,2023-09-24,44,32,30
299,TS-000-000-299,2023-09-25,2023-10-01,44,40,30
300,TS-000-000-300,2023-10-02,2023-10-08,44,40,30
301,TS-000-000-301,2023-10-09,2023-10-15,44,40,30
302,TS-000-000-302,2023-10-16,2023-10-22,44,40,30
303,TS-000-000-303,2023-10-23,2023-10-29,44,40,30
304,TS-000-000-304,2023-10-30,2023-11-05,44,40,30
305,TS-000-000-305,2023-11-06,2023-11-12,44,40,30
306,TS-000-000-306,2023-11-13,2023-11-19,44,40,30
307,TS-000-000-307,2023-11-20,2023-11-26,44,40,30
308,TS-000-000-308,2023-11-27,2023-12-03,44,40,30
309,TS-000-000-309,2023-12-04,2023-12-10,44,40,30
310,TS-000-000-310,2023-12-11,2023-12-17,44,40,30
311,TS-000-000-311,2023-12-18,2023-12-24,44,40,30
312,TS-000-000-312,2023-12-25,2023-12-31,44,16,30
313,TS-000-000-313,2023-01-02,2023-01-08,65,32,40
314,TS-000-000-314,2023-01-09,2023-01-15,65,40,40
315,TS-000-000-315,2023-01-16,2023-01-22,65,40,40
316,TS-000-000-316,2023-01-23,2023-01-29,65,40,40
317,TS-000-000-317,2023-01-30,2023-02-05,65,40,40
318,TS-000-000-318,2023-02-06,2023-02-12,65,40,40
319,TS-000-000-319,2023-02-13,2023-02-19,65,40,40
320,TS-000-000-320,2023-02-20,2023-02-26,65,40,40
321,TS-000-000-321,2023-02-27,2023-03-05,65,32,40
322,TS-000-000-322,2023-03-06,2023-03-12,65,40,40
323,TS-000-000-323,2023-03-13,2023-03-19,65,40,40
324,TS-000-000-324,2023-03-20,2023-03-26,65,40,40
325,TS-000-000-325,2023-03-27,2023-04-02,65,40,40
326,TS-000-000-326,2023-04-03,2023-04-09,65,40,40
327,TS-000-000-327,2023-04-10,2023-04-16,65,32,40
328,TS-000-000-328,2023-04-17,2023-04-23,65,32,40
329,TS-000-000-329,2023-04-24,2023-04-30,65,40,40
330,TS-000-000-330,2023-05-01,2023-05-07,65,32,40
331,TS-000-000-331,2023-05-08,2023-05-14,65,32,40
332,TS-000-000-332,2023-05-15,2023-05-21,65,40,40
333,TS-000-000-333,2023-05-22,2023-05-28,65,32,40
334,TS-000-000-334,2023-05-29,2023-06-04,65,40,40
335,TS-000-000-335,2023-06-05,2023-06-11,65,40,40
336,TS-000-000-336,2023-06-12,2023-06-18,65,40,40
337,TS-000-000-337,2023-06-19,2023-06-25,65,40,40
338,TS-000-000-338,2023-06-26,2023-07-02,65,40,40
339,TS-000-000-339,2023-07-03,2023-07-09,65,40,40
340,TS-000-000-340,2023-07-10,2023-07-16,65,40,40
341,TS-000-000-341,2023-07-17,2023-07-23,65,40,40
342,TS-000-000-342,2023-07-24,2023-07-30,65,40,40
343,TS-000-000-343,2023-07-31,2023-08-06,65,40,40
344,TS-000-000-344,2023-08-07,2023-08-13,65,40,40
345,TS-000-000-345,2023-08-14,2023-08-20,65,40,40
346,TS-000-000-346,2023-08-21,2023-08-27,65,40,40
347,TS-000-000-347,2023-08-28,2023-09-03,65,40,40
348,TS-000-000-348,2023-09-04,2023-09-10,65,32,40
349,TS-000-000-349,2023-09-11,2023-09-17,65,40,40
350,TS-000-000-350,2023-09-18,2023-09-24,65,32,40
351,TS-000-000-351,2023-09-25,2023-10-01,65,40,40
352,TS-000-000-352,2023-10-02,2023-10-08,65,40,40
353,TS-000-000-353,2023-10-09,2023-10-15,65,40,40
354,TS-000-000-354,2023-10-16,2023-10-22,65,40,40
355,TS-000-000-355,2023-10-23,2023-10-29,65,40,40
356,TS-000-000-356,2023-10-30,2023-11-05,65,40,40
357,TS-000-000-357,2023-11-06,2023-11-12,65,40,40
358,TS-000-000-358,2023-11-13,2023-11-19,65,40,40
359,TS-000-000-359,2023-11-20,2023-11-26,65,40,40
360,TS-000-000-360,2023-11-27,2023-12-03,65,40,40
361,TS-000-000-361,2023-12-04,2023-12-10,65,40,40
362,TS-000-000-362,2023-12-11,2023-12-17,65,40,40
363,TS-000-000-363,2023-12-18,2023-12-24,65,40,40
364,TS-000-000-364,2023-12-25,2023-12-31,65,16,40
365,TS-000-000-365,2023-01-02,2023-01-08,68,32,30
366,TS-000-000-366,2023-01-09,2023-01-15,68,40,30
367,TS-000-000-367,2023-01-16,2023-01-22,68,40,30
368,TS-000-000-368,2023-01-23,2023-01-29,68,40,30
369,TS-000-000-369,2023-01-30,2023-02-05,68,40,30
370,TS-000-000-370,2023-02-06,2023-02-12,68,40,30
371,TS-000-000-371,2023-02-13,2023-02-19,68,40,30
372,TS-000-000-372,2023-02-20,2023-02-26,68,40,30
373,TS-000-000-373,2023-02-27,2023-03-05,68,32,30
374,TS-000-000-374,2023-03-06,2023-03-12,68,40,30
375,TS-000-000-375,2023-03-13,2023-03-19,68,40,30
376,TS-000-000-376,2023-03-20,2023-03-26,68,40,30
377,TS-000-000-377,2023-03-27,2023-04-02,68,40,30
378,TS-000-000-378,2023-04-03,2023-04-09,68,40,30
379,TS-000-000-379,2023-04-10,2023-04-16,68,32,30
380,TS-000-000-380,2023-04-17,2023-04-23,68,32,30
381,TS-000-000-381,2023-04-24,2023-04-30,68,40,30
382,TS-000-000-382,2023-05-01,2023-05-07,68,32,30
383,TS-000-000-383,2023-05-08,2023-05-14,68,32,30
384,TS-000-000-384,2023-05-15,2023-05-21,68,40,30
385,TS-000-000-385,2023-05-22,2023-05-28,68,32,30
386,TS-000-000-386,2023-05-29,2023-06-04,68,40,30
387,TS-000-000-387,2023-06-05,2023-06-11,68,40,30
388,TS-000-000-388,2023-06-12,2023-06-18,68,40,30
389,TS-000-000-389,2023-06-19,2023-06-25,68,40,30
390,TS-000-000-390,2023-06-26,2023-07-02,68,40,30
391,TS-000-000-391,2023-07-03,2023-07-09,68,40,30
392,TS-000-000-392,2023-07-10,2023-07-16,68,40,30
393,TS-000-000-393,2023-07-17,2023-07-23,68,40,30
394,TS-000-000-394,2023-07-24,2023-07-30,68,40,30
395,TS-000-000-395,2023-07-31,2023-08-06,68,40,30
396,TS-000-000-396,2023-08-07,2023-08-13,68,40,30
397,TS-000-000-397,2023-08-14,2023-08-20,68,40,30
398,TS-000-000-398,2023-08-21,2023-08-27,68,40,30
399,TS-000-000-399,2023-08-28,2023-09-03,68,40,30
400,TS-000-000-400,2023-09-04,2023-09-10,68,32,30
401,TS-000-000-401,2023-09-11,2023-09-17,68,40,30
402,TS-000-000-402,2023-09-18,2023-09-24,68,32,30
403,TS-000-000-403,2023-09-25,2023-10-01,68,40,30
404,TS-000-000-404,2023-10-02,2023-10-08,68,40,30
405,TS-000-000-405,2023-10-09,2023-10-15,68,40,30
406,TS-000-000-406,2023-10-16,2023-10-22,68,40,30
407,TS-000-000-407,2023-10-23,2023-10-29,68,40,30
408,TS-000-000-408,2023-10-30,2023-11-05,68,40,30
409,TS-000-000-409,2023-11-06,2023-11-12,68,40,30
410,TS-000-000-410,2023-11-13,2023-11-19,68,40,30
411,TS-000-000-411,2023-11-20,2023-11-26,68,40,30
412,TS-000-000-412,2023-11-27,2023-12-03,68,40,30
413,TS-000-000-413,2023-12-04,2023-12-10,68,40,30
414,TS-000-000-414,2023-12-11,2023-12-17,68,40,30
415,TS-000-000-415,2023-12-18,2023-12-24,68,40,30
416,TS-000-000-416,2023-12-25,2023-12-31,68,16,30
417,TS-000-000-417,2023-01-02,2023-01-08,78,32,30
418,TS-000-000-418,2023-01-09,2023-01-15,78,40,30
419,TS-000-000-419,2023-01-16,2023-01-22,78,40,30
420,TS-000-000-420,2023-01-23,2023-01-29,78,40,30
421,TS-000-000-421,2023-01-30,2023-02-05,78,40,30
422,TS-000-000-422,2023-02-06,2023-02-12,78,40,30
423,TS-000-000-423,2023-02-13,2023-02-19,78,40,30
424,TS-000-000-424,2023-02-20,2023-02-26,78,40,30
425,TS-000-000-425,2023-02-27,2023-03-05,78,32,30
426,TS-000-000-426,2023-03-06,2023-03-12,78,40,30
427,TS-000-000-427,2023-03-13,2023-03-19,78,40,30
428,TS-000-000-428,2023-03-20,2023-03-26,78,40,30
429,TS-000-000-429,2023-03-27,2023-04-02,78,40,30
430,TS-000-000-430,2023-04-03,2023-04-09,78,40,30
431,TS-000-000-431,2023-04-10,2023-04-16,78,32,30
432,TS-000-000-432,2023-04-17,2023-04-23,78,32,30
433,TS-000-000-433,2023-04-24,2023-04-30,78,40,30
434,TS-000-000-434,2023-05-01,2023-05-07,78,32,30
435,TS-000-000-435,2023-05-08,2023-05-14,78,32,30
436,TS-000-000-436,2023-05-15,2023-05-21,78,40,30
437,TS-000-000-437,2023-05-22,2023-05-28,78,32,30
438,TS-000-000-438,2023-05-29,2023-06-04,78,40,30
439,TS-000-000-439,2023-06-05,2023-06-11,78,40,30
440,TS-000-000-440,2023-06-12,2023-06-18,78,40,30
441,TS-000-000-441,2023-06-19,2023-06-25,78,40,30
442,TS-000-000-442,2023-06-26,2023-07-02,78,40,30
443,TS-000-000-443,2023-07-03,2023-07-09,78,40,30
444,TS-000-000-444,2023-07-10,2023-07-16,78,40,30
445,TS-000-000-445,2023-07-17,2023-07-23,78,40,30
446,TS-000-000-446,2023-07-24,2023-07-30,78,40,30
447,TS-000-000-447,2023-07-31,2023-08-06,78,40,30
448,TS-000-000-448,2023-08-07,2023-08-13,78,40,30
449,TS-000-000-449,2023-08-14,2023-08-20,78,40,30
450,TS-000-000-450,2023-08-21,2023-08-27,78,40,30
451,TS-000-000-451,2023-08-28,2023-09-03,78,40,30
452,TS-000-000-452,2023-09-04,2023-09-10,78,32,30
453,TS-000-000-453,2023-09-11,2023-09-17,78,40,30
454,TS-000-000-454,2023-09-18,2023-09-24,78,32,30
455,TS-000-000-455,2023-09-25,2023-10-01,78,40,30
456,TS-000-000-456,2023-10-02,2023-10-08,78,40,30
457,TS-000-000-457,2023-10-09,2023-10-15,78,40,30
458,TS-000-000-458,2023-10-16,2023-10-22,78,40,30
459,TS-000-000-459,2023-10-23,2023-10-29,78,40,30
460,TS-000-000-460,2023-10-30,2023-11-05,78,40,30
461,TS-000-000-461,2023-11-06,2023-11-12,78,40,30
462,TS-000-000-462,2023-11-13,2023-11-19,78,40,30
463,TS-000-000-463,2023-11-20,2023-11-26,78,40,30
464,TS-000-000-464,2023-11-27,2023-12-03,78,40,30
465,TS-000-000-465,2023-12-04,2023-12-10,78,40,30
466,TS-000-000-466,2023-12-11,2023-12-17,78,40,30
467,TS-000-000-467,2023-12-18,2023-12-24,78,40,30
468,TS-000-000-468,2023-12-25,2023-12-31,78,16,30
469,TS-000-000-469,2023-01-02,2023-01-08,89,32,30
470,TS-000-000-470,2023-01-09,2023-01-15,89,40,30
471,TS-000-000-471,2023-01-16,2023-01-22,89,40,30
472,TS-000-000-472,2023-01-23,2023-01-29,89,40,30
473,TS-000-000-473,2023-01-30,2023-02-05,89,40,30
474,TS-000-000-474,2023-02-06,2023-02-12,89,40,30
475,TS-000-000-475,2023-02-13,2023-02-19,89,40,30
476,TS-000-000-476,2023-02-20,2023-02-26,89,40,30
477,TS-000-000-477,2023-02-27,2023-03-05,89,32,30
478,TS-000-000-478,2023-03-06,2023-03-12,89,40,30
479,TS-000-000-479,2023-03-13,2023-03-19,89,40,30
480,TS-000-000-480,2023-03-20,2023-03-26,89,40,30
481,TS-000-000-481,2023-03-27,2023-04-02,89,40,30
482,TS-000-000-482,2023-04-03,2023-04-09,89,40,30
483,TS-000-000-483,2023-04-10,2023-04-16,89,32,30
484,TS-000-000-484,2023-04-17,2023-04-23,89,32,30
485,TS-000-000-485,2023-04-24,2023-04-30,89,40,30
486,TS-000-000-486,2023-05-01,2023-05-07,89,32,30
487,TS-000-000-487,2023-05-08,2023-05-14,89,32,30
488,TS-000-000-488,2023-05-15,2023-05-21,89,40,30
489,TS-000-000-489,2023-05-22,2023-05-28,89,32,30
490,TS-000-000-490,2023-05-29,2023-06-04,89,40,30
491,TS-000-000-491,2023-06-05,2023-06-11,89,40,30
492,TS-000-000-492,2023-06-12,2023-06-18,89,40,30
493,TS-000-000-493,2023-06-19,2023-06-25,89,40,30
494,TS-000-000-494,2023-06-26,2023-07-02,89,40,30
495,TS-000-000-495,2023-07-03,2023-07-09,89,40,30
496,TS-000-000-496,2023-07-10,2023-07-16,89,40,30
497,TS-000-000-497,2023-07-17,2023-07-23,89,40,30
498,TS-000-000-498,2023-07-24,2023-07-30,89,40,30
499,TS-000-000-499,2023-07-31,2023-08-06,89,40,30
500,TS-000-000-500,2023-08-07,2023-08-13,89,40,30
501,TS-000-000-501,2023-08-14,2023-08-20,89,40,30
502,TS-000-000-502,2023-08-21,2023-08-27,89,40,30
503,TS-000-000-503,2023-08-28,2023-09-03,89,40,30
504,TS-000-000-504,2023-09-04,2023-09-10,89,32,30
505,TS-000-000-505,2023-09-11,2023-09-17,89,40,30
506,TS-000-000-506,2023-09-18,2023-09-24,89,32,30
507,TS-000-000-507,2023-09-25,2023-10-01,89,40,30
508,TS-000-000-508,2023-10-02,2023-10-08,89,40,30
509,TS-000-000-509,2023-10-09,2023-10-15,89,40,30
510,TS-000-000-510,2023-10-16,2023-10-22,89,40,30
511,TS-000-000-511,2023-10-23,2023-10-29,89,40,30
512,TS-000-000-512,2023-10-30,2023-11-05,89,40,30
513,TS-000-000-513,2023-11-06,2023-11-12,89,40,30
514,TS-000-000-514,2023-11-13,2023-11-19,89,40,30
515,TS-000-000-515,2023-11-20,2023-11-26,89,40,30
516,TS-000-000-516,2023-11-27,2023-12-03,89,40,30
517,TS-000-000-517,2023-12-04,2023-12-10,89,40,30
518,TS-000-000-518,2023-12-11,2023-12-17,89,40,30
519,TS-000-000-519,2023-12-18,2023-12-24,89,40,30
520,TS-000-000-520,2023-12-25,2023-12-31,89,16,30
521,TS-000-000-521,2023-01-02,2023-01-08,101,32,30
522,TS-000-000-522,2023-01-09,2023-01-15,101,40,30
523,TS-000-000-523,2023-01-16,2023-01-22,101,40,30
524,TS-000-000-524,2023-01-23,2023-01-29,101,40,30
525,TS-000-000-525,2023-01-30,2023-02-05,101,40,30
526,TS-000-000-526,2023-02-06,2023-02-12,101,40,30
527,TS-000-000-527,2023-02-13,2023-02-19,101,40,30
528,TS-000-000-528,2023-02-20,2023-02-26,101,40,30
529,TS-000-000-529,2023-02-27,2023-03-05,101,32,30
530,TS-000-000-530,2023-03-06,2023-03-12,101,40,30
531,TS-000-000-531,2023-03-13,2023-03-19,101,40,30
532,TS-000-000-532,2023-03-20,2023-03-26,101,40,30
533,TS-000-000-533,2023-03-27,2023-04-02,101,40,30
534,TS-000-000-534,2023-04-03,2023-04-09,101,40,30
535,TS-000-000-535,2023-04-10,2023-04-16,101,32,30
536,TS-000-000-536,2023-04-17,2023-04-23,101,32,30
537,TS-000-000-537,2023-04-24,2023-04-30,101,40,30
538,TS-000-000-538,2023-05-01,2023-05-07,101,32,30
539,TS-000-000-539,2023-05-08,2023-05-14,101,32,30
540,TS-000-000-540,2023-05-15,2023-05-21,101,40,30
541,TS-000-000-541,2023-05-22,2023-05-28,101,32,30
542,TS-000-000-542,2023-05-29,2023-06-04,101,40,30
543,TS-000-000-543,2023-06-05,2023-06-11,101,40,30
544,TS-000-000-544,2023-06-12,2023-06-18,101,40,30
545,TS-000-000-545,2023-06-19,2023-06-25,101,40,30
546,TS-000-000-546,2023-06-26,2023-07-02,101,40,30
547,TS-000-000-547,2023-07-03,2023-07-09,101,40,30
548,TS-000-000-548,2023-07-10,2023-07-16,101,40,30
549,TS-000-000-549,2023-07-17,2023-07-23,101,40,30
550,TS-000-000-550,2023-07-24,2023-07-30,101,40,30
551,TS-000-000-551,2023-07-31,2023-08-06,101,40,30
552,TS-000-000-552,2023-08-07,2023-08-13,101,40,30
553,TS-000-000-553,2023-08-14,2023-08-20,101,40,30
554,TS-000-000-554,2023-08-21,2023-08-27,101,40,30
555,TS-000-000-555,2023-08-28,2023-09-03,101,40,30
556,TS-000-000-556,2023-09-04,2023-09-10,101,32,30
557,TS-000-000-557,2023-09-11,2023-09-17,101,40,30
558,TS-000-000-558,2023-09-18,2023-09-24,101,32,30
559,TS-000-000-559,2023-09-25,2023-10-01,101,40,30
560,TS-000-000-560,2023-10-02,2023-10-08,101,40,30
561,TS-000-000-561,2023-10-09,2023-10-15,101,40,30
562,TS-000-000-562,2023-10-16,2023-10-22,101,40,30
563,TS-000-000-563,2023-10-23,2023-10-29,101,40,30
564,TS-000-000-564,2023-10-30,2023-11-05,101,40,30
565,TS-000-000-565,2023-11-06,2023-11-12,101,40,30
566,TS-000-000-566,2023-11-13,2023-11-19,101,40,30
567,TS-000-000-567,2023-11-20,2023-11-26,101,40,30
568,TS-000-000-568,2023-11-27,2023-12-03,101,40,30
569,TS-000-000-569,2023-12-04,2023-12-10,101,40,30
570,TS-000-000-570,2023-12-11,2023-12-17,101,40,30
571,TS-000-000-571,2023-12-18,2023-12-24,101,40,30
572,TS-000-000-572,2023-12-25,2023-12-31,101,16,30
573,TS-000-000-573,2023-01-02,2023-01-08,104,32,30
574,TS-000-000-574,2023-01-09,2023-01-15,104,40,30
575,TS-000-000-575,2023-01-16,2023-01-22,104,40,30
576,TS-000-000-576,2023-01-23,2023-01-29,104,40,30
577,TS-000-000-577,2023-01-30,2023-02-05,104,40,30
578,TS-000-000-578,2023-02-06,2023-02-12,104,40,30
579,TS-000-000-579,2023-02-13,2023-02-19,104,40,30
580,TS-000-000-580,2023-02-20,2023-02-26,104,40,30
581,TS-000-000-581,2023-02-27,2023-03-05,104,32,30
582,TS-000-000-582,2023-03-06,2023-03-12,104,40,30
583,TS-000-000-583,2023-03-13,2023-03-19,104,40,30
584,TS-000-000-584,2023-03-20,2023-03-26,104,40,30
585,TS-000-000-585,2023-03-27,2023-04-02,104,40,30
586,TS-000-000-586,2023-04-03,2023-04-09,104,40,30
587,TS-000-000-587,2023-04-10,2023-04-16,104,32,30
588,TS-000-000-588,2023-04-17,2023-04-23,104,32,30
589,TS-000-000-589,2023-04-24,2023-04-30,104,40,30
590,TS-000-000-590,2023-05-01,2023-05-07,104,32,30
591,TS-000-000-591,2023-05-08,2023-05-14,104,32,30
592,TS-000-000-592,2023-05-15,2023-05-21,104,40,30
593,TS-000-000-593,2023-05-22,2023-05-28,104,32,30
594,TS-000-000-594,2023-05-29,2023-06-04,104,40,30
595,TS-000-000-595,2023-06-05,2023-06-11,104,40,30
596,TS-000-000-596,2023-06-12,2023-06-18,104,40,30
597,TS-000-000-597,2023-06-19,2023-06-25,104,40,30
598,TS-000-000-598,2023-06-26,2023-07-02,104,40,30
599,TS-000-000-599,2023-07-03,2023-07-09,104,40,30
600,TS-000-000-600,2023-07-10,2023-07-16,104,40,30
601,TS-000-000-601,2023-07-17,2023-07-23,104,40,30
602,TS-000-000-602,2023-07-24,2023-07-30,104,40,30
603,TS-000-000-603,2023-07-31,2023-08-06,104,40,30
604,TS-000-000-604,2023-08-07,2023-08-13,104,40,30
605,TS-000-000-605,2023-08-14,2023-08-20,104,40,30
606,TS-000-000-606,2023-08-21,2023-08-27,104,40,30
607,TS-000-000-607,2023-08-28,2023-09-03,104,40,30
608,TS-000-000-608,2023-09-04,2023-09-10,104,32,30
609,TS-000-000-609,2023-09-11,2023-09-17,104,40,30
610,TS-000-000-610,2023-09-18,2023-09-24,104,32,30
611,TS-000-000-611,2023-09-25,2023-10-01,104,40,30
612,TS-000-000-612,2023-10-02,2023-10-08,104,40,30
613,TS-000-000-613,2023-10-09,2023-10-15,104,40,30
614,TS-000-000-614,2023-10-16,2023-10-22,104,40,30
615,TS-000-000-615,2023-10-23,2023-10-29,104,40,30
616,TS-000-000-616,2023-10-30,2023-11-05,104,40,30
617,TS-000-000-617,2023-11-06,2023-11-12,104,40,30
618,TS-000-000-618,2023-11-13,2023-11-19,104,40,30
619,TS-000-000-619,2023-11-20,2023-11-26,104,40,30
620,TS-000-000-620,2023-11-27,2023-12-03,104,40,30
621,TS-000-000-621,2023-12-04,2023-12-10,104,40,30
622,TS-000-000-622,2023-12-11,2023-12-17,104,40,30
623,TS-000-000-623,2023-12-18,2023-12-24,104,40,30
624,TS-000-000-624,2023-12-25,2023-12-31,104,16,30
625,TS-000-000-625,2023-01-02,2023-01-08,111,32,34
626,TS-000-000-626,2023-01-09,2023-01-15,111,40,34
627,TS-000-000-627,2023-01-16,2023-01-22,111,40,34
628,TS-000-000-628,2023-01-23,2023-01-29,111,40,34
629,TS-000-000-629,2023-01-30,2023-02-05,111,40,34
630,TS-000-000-630,2023-02-06,2023-02-12,111,40,34
631,TS-000-000-631,2023-02-13,2023-02-19,111,40,34
632,TS-000-000-632,2023-02-20,2023-02-26,111,40,34
633,TS-000-000-633,2023-02-27,2023-03-05,111,32,34
634,TS-000-000-634,2023-03-06,2023-03-12,111,40,34
635,TS-000-000-635,2023-03-13,2023-03-19,111,40,34
636,TS-000-000-636,2023-03-20,2023-03-26,111,40,34
637,TS-000-000-637,2023-03-27,2023-04-02,111,40,34
638,TS-000-000-638,2023-04-03,2023-04-09,111,40,34
639,TS-000-000-639,2023-04-10,2023-04-16,111,32,34
640,TS-000-000-640,2023-04-17,2023-04-23,111,32,34
641,TS-000-000-641,2023-04-24,2023-04-30,111,40,34
642,TS-000-000-642,2023-05-01,2023-05-07,111,32,34
643,TS-000-000-643,2023-05-08,2023-05-14,111,32,34
644,TS-000-000-644,2023-05-15,2023-05-21,111,40,34
645,TS-000-000-645,2023-05-22,2023-05-28,111,32,34
646,TS-000-000-646,2023-05-29,2023-06-04,111,40,34
647,TS-000-000-647,2023-06-05,2023-06-11,111,40,34
648,TS-000-000-648,2023-06-12,2023-06-18,111,40,34
649,TS-000-000-649,2023-06-19,2023-06-25,111,40,34
650,TS-000-000-650,2023-06-26,2023-07-02,111,40,34
651,TS-000-000-651,2023-07-03,2023-07-09,111,40,34
652,TS-000-000-652,2023-07-10,2023-07-16,111,40,34
653,TS-000-000-653,2023-07-17,2023-07-23,111,40,34
654,TS-000-000-654,2023-07-24,2023-07-30,111,40,34
655,TS-000-000-655,2023-07-31,2023-08-06,111,40,34
656,TS-000-000-656,2023-08-07,2023-08-13,111,40,34
657,TS-000-000-657,2023-08-14,2023-08-20,111,40,34
658,TS-000-000-658,2023-08-21,2023-08-27,111,40,34
659,TS-000-000-659,2023-08-28,2023-09-03,111,40,34
660,TS-000-000-660,2023-09-04,2023-09-10,111,32,34
661,TS-000-000-661,2023-09-11,2023-09-17,111,40,34
662,TS-000-000-662,2023-09-18,2023-09-24,111,32,34
663,TS-000-000-663,2023-09-25,2023-10-01,111,40,34
664,TS-000-000-664,2023-10-02,2023-10-08,111,40,34
665,TS-000-000-665,2023-10-09,2023-10-15,111,40,34
666,TS-000-000-666,2023-10-16,2023-10-22,111,40,34
667,TS-000-000-667,2023-10-23,2023-10-29,111,40,34
668,TS-000-000-668,2023-10-30,2023-11-05,111,40,34
669,TS-000-000-669,2023-11-06,2023-11-12,111,40,34
670,TS-000-000-670,2023-11-13,2023-11-19,111,40,34
671,TS-000-000-671,2023-11-20,2023-11-26,111,40,34
672,TS-000-000-672,2023-11-27,2023-12-03,111,40,34
673,TS-000-000-673,2023-12-04,2023-12-10,111,40,34
674,TS-000-000-674,2023-12-11,2023-12-17,111,40,34
675,TS-000-000-675,2023-12-18,2023-12-24,111,40,34
676,TS-000-000-676,2023-12-25,2023-12-31,111,16,34
677,TS-000-000-677,2023-01-02,2023-01-08,121,32,30
678,TS-000-000-678,2023-01-09,2023-01-15,121,40,30
679,TS-000-000-679,2023-01-16,2023-01-22,121,40,30
680,TS-000-000-680,2023-01-23,2023-01-29,121,40,30
681,TS-000-000-681,2023-01-30,2023-02-05,121,40,30
682,TS-000-000-682,2023-02-06,2023-02-12,121,40,30
683,TS-000-000-683,2023-02-13,2023-02-19,121,40,30
684,TS-000-000-684,2023-02-20,2023-02-26,121,40,30
685,TS-000-000-685,2023-02-27,2023-03-05,121,32,30
686,TS-000-000-686,2023-03-06,2023-03-12,121,40,30
687,TS-000-000-687,2023-03-13,2023-03-19,121,40,30
688,TS-000-000-688,2023-03-20,2023-03-26,121,40,30
689,TS-000-000-689,2023-03-27,2023-04-02,121,40,30
690,TS-000-000-690,2023-04-03,2023-04-09,121,40,30
691,TS-000-000-691,2023-04-10,2023-04-16,121,32,30
692,TS-000-000-692,2023-04-17,2023-04-23,121,32,30
693,TS-000-000-693,2023-04-24,2023-04-30,121,40,30
694,TS-000-000-694,2023-05-01,2023-05-07,121,32,30
695,TS-000-000-695,2023-05-08,2023-05-14,121,32,30
696,TS-000-000-696,2023-05-15,2023-05-21,121,40,30
697,TS-000-000-697,2023-05-22,2023-05-28,121,32,30
698,TS-000-000-698,2023-05-29,2023-06-04,121,40,30
699,TS-000-000-699,2023-06-05,2023-06-11,121,40,30
700,TS-000-000-700,2023-06-12,2023-06-18,121,40,30
701,TS-000-000-701,2023-06-19,2023-06-25,121,40,30
702,TS-000-000-702,2023-06-26,2023-07-02,121,40,30
703,TS-000-000-703,2023-07-03,2023-07-09,121,40,30
704,TS-000-000-704,2023-07-10,2023-07-16,121,40,30
705,TS-000-000-705,2023-07-17,2023-07-23,121,40,30
706,TS-000-000-706,2023-07-24,2023-07-30,121,40,30
707,TS-000-000-707,2023-07-31,2023-08-06,121,40,30
708,TS-000-000-708,2023-08-07,2023-08-13,121,40,30
709,TS-000-000-709,2023-08-14,2023-08-20,121,40,30
710,TS-000-000-710,2023-08-21,2023-08-27,121,40,30
711,TS-000-000-711,2023-08-28,2023-09-03,121,40,30
712,TS-000-000-712,2023-09-04,2023-09-10,121,32,30
713,TS-000-000-713,2023-09-11,2023-09-17,121,40,30
714,TS-000-000-714,2023-09-18,2023-09-24,121,32,30
715,TS-000-000-715,2023-09-25,2023-10-01,121,40,30
716,TS-000-000-716,2023-10-02,2023-10-08,121,40,30
717,TS-000-000-717,2023-10-09,2023-10-15,121,40,30
718,TS-000-000-718,2023-10-16,2023-10-22,121,40,30
719,TS-000-000-719,2023-10-23,2023-10-29,121,40,30
720,TS-000-000-720,2023-10-30,2023-11-05,121,40,30
721,TS-000-000-721,2023-11-06,2023-11-12,121,40,30
722,TS-000-000-722,2023-11-13,2023-11-19,121,40,30
723,TS-000-000-723,2023-11-20,2023-11-26,121,40,30
724,TS-000-000-724,2023-11-27,2023-12-03,121,40,30
725,TS-000-000-725,2023-12-04,2023-12-10,121,40,30
726,TS-000-000-726,2023-12-11,2023-12-17,121,40,30
727,TS-000-000-727,2023-12-18,2023-12-24,121,40,30
728,TS-000-000-728,2023-12-25,2023-12-31,121,16,30
729,TS-000-000-729,2023-01-02,2023-01-08,125,32,40
730,TS-000-000-730,2023-01-09,2023-01-15,125,40,40
731,TS-000-000-731,2023-01-16,2023-01-22,125,40,40
732,TS-000-000-732,2023-01-23,2023-01-29,125,40,40
733,TS-000-000-733,2023-01-30,2023-02-05,125,40,40
734,TS-000-000-734,2023-02-06,2023-02-12,125,40,40
735,TS-000-000-735,2023-02-13,2023-02-19,125,40,40
736,TS-000-000-736,2023-02-20,2023-02-26,125,40,40
737,TS-000-000-737,2023-02-27,2023-03-05,125,32,40
738,TS-000-000-738,2023-03-06,2023-03-12,125,40,40
739,TS-000-000-739,2023-03-13,2023-03-19,125,40,40
740,TS-000-000-740,2023-03-20,2023-03-26,125,40,40
741,TS-000-000-741,2023-03-27,2023-04-02,125,40,40
742,TS-000-000-742,2023-04-03,2023-04-09,125,40,40
743,TS-000-000-743,2023-04-10,2023-04-16,125,32,40
744,TS-000-000-744,2023-04-17,2023-04-23,125,32,40
745,TS-000-000-745,2023-04-24,2023-04-30,125,40,40
746,TS-000-000-746,2023-05-01,2023-05-07,125,32,40
747,TS-000-000-747,2023-05-08,2023-05-14,125,32,40
748,TS-000-000-748,2023-05-15,2023-05-21,125,40,40
749,TS-000-000-749,2023-05-22,2023-05-28,125,32,40
750,TS-000-000-750,2023-05-29,2023-06-04,125,40,40
751,TS-000-000-751,2023-06-05,2023-06-11,125,40,40
752,TS-000-000-752,2023-06-12,2023-06-18,125,40,40
753,TS-000-000-753,2023-06-19,2023-06-25,125,40,40
754,TS-000-000-754,2023-06-26,2023-07-02,125,40,40
755,TS-000-000-755,2023-07-03,2023-07-09,125,40,40
756,TS-000-000-756,2023-07-10,2023-07-16,125,40,40
757,TS-000-000-757,2023-07-17,2023-07-23,125,40,40
758,TS-000-000-758,2023-07-24,2023-07-30,125,40,40
759,TS-000-000-759,2023-07-31,2023-08-06,125,40,40
760,TS-000-000-760,2023-08-07,2023-08-13,125,40,40
761,TS-000-000-761,2023-08-14,2023-08-20,125,40,40
762,TS-000-000-762,2023-08-21,2023-08-27,125,40,40
763,TS-000-000-763,2023-08-28,2023-09-03,125,40,40
764,TS-000-000-764,2023-09-04,2023-09-10,125,32,40
765,TS-000-000-765,2023-09-11,2023-09-17,125,40,40
766,TS-000-000-766,2023-09-18,2023-09-24,125,32,40
767,TS-000-000-767,2023-09-25,2023-10-01,125,40,40
768,TS-000-000-768,2023-10-02,2023-10-08,125,40,40
769,TS-000-000-769,2023-10-09,2023-10-15,125,40,40
770,TS-000-000-770,2023-10-16,2023-10-22,125,40,40
771,TS-000-000-771,2023-10-23,2023-10-29,125,40,40
772,TS-000-000-772,2023-10-30,2023-11-05,125,40,40
773,TS-000-000-773,2023-11-06,2023-11-12,125,40,40
774,TS-000-000-774,2023-11-13,2023-11-19,125,40,40
775,TS-000-000-775,2023-11-20,2023-11-26,125,40,40
776,TS-000-000-776,2023-11-27,2023-12-03,125,40,40
777,TS-000-000-777,2023-12-04,2023-12-10,125,40,40
778,TS-000-000-778,2023-12-11,2023-12-17,125,40,40
779,TS-000-000-779,2023-12-18,2023-12-24,125,40,40
780,TS-000-000-780,2023-12-25,2023-12-31,125,16,40
